"","Slice","Count","Receptor","Concentration","Genotype","Parasite","DateBinding"
"1","AA20190624-01-01-01-Image Export-01.tif-parasite",2161,"EPCR",10,"AA","IT4var20",2019-06-23
"2","AA20190624-01-01-02-Image Export-02.tif-parasite",1905,"EPCR",10,"AA","IT4var20",2019-06-23
"3","AA20190624-01-01-03-Image Export-03.tif-parasite",1879,"EPCR",10,"AA","IT4var20",2019-06-23
"4","AA20190624-01-02-01-Image Export-04.tif-parasite",2028,"EPCR",5,"AA","IT4var20",2019-06-23
"5","AA20190624-01-02-02-Image Export-05.tif-parasite",1925,"EPCR",5,"AA","IT4var20",2019-06-23
"6","AA20190624-01-02-03-Image Export-06.tif-parasite",1576,"EPCR",5,"AA","IT4var20",2019-06-23
"7","AA20190624-01-03-01-Image Export-07.tif-parasite",1863,"EPCR",2.5,"AA","IT4var20",2019-06-23
"8","AA20190624-01-03-02-Image Export-08.tif-parasite",1334,"EPCR",2.5,"AA","IT4var20",2019-06-23
"9","AA20190624-01-03-03-Image Export-09.tif-parasite",1339,"EPCR",2.5,"AA","IT4var20",2019-06-23
"10","AA20190624-01-04-01-Image Export-10.tif-parasite",1568,"EPCR",1.25,"AA","IT4var20",2019-06-23
"11","AA20190624-01-04-02-Image Export-11.tif-parasite",1424,"EPCR",1.25,"AA","IT4var20",2019-06-23
"12","AA20190624-01-04-03-Image Export-12.tif-parasite",1521,"EPCR",1.25,"AA","IT4var20",2019-06-23
"13","AA20190624-01-05-01-Image Export-13.tif-parasite",475,"EPCR",0.625,"AA","IT4var20",2019-06-23
"14","AA20190624-01-05-02-Image Export-14.tif-parasite",961,"EPCR",0.625,"AA","IT4var20",2019-06-23
"15","AA20190624-01-05-03-Image Export-15.tif-parasite",471,"EPCR",0.625,"AA","IT4var20",2019-06-23
"16","AA20190624-01-06-01-Image Export-16.tif-parasite",377,"EPCR",0.3125,"AA","IT4var20",2019-06-23
"17","AA20190624-01-06-02-Image Export-17.tif-parasite",298,"EPCR",0.3125,"AA","IT4var20",2019-06-23
"18","AA20190624-01-06-03-Image Export-18.tif-parasite",147,"EPCR",0.3125,"AA","IT4var20",2019-06-23
"19","AA20190624-01-07-01-Image Export-19.tif-parasite",151,"Control",0,"AA","IT4var20",2019-06-23
"20","AA20190624-01-07-02-Image Export-20.tif-parasite",230,"Control",0,"AA","IT4var20",2019-06-23
"21","AA20190624-01-07-03-Image Export-21.tif-parasite",114,"Control",0,"AA","IT4var20",2019-06-23
"22","AA20190624-01-08-01-Image Export-22.tif-parasite",254,"CD36",10,"AA","IT4var20",2019-06-23
"23","AA20190624-01-08-02-Image Export-23.tif-parasite",129,"CD36",10,"AA","IT4var20",2019-06-23
"24","AA20190624-01-08-03-Image Export-24.tif-parasite",293,"CD36",10,"AA","IT4var20",2019-06-23
"25","AA20190624-01-09-01-Image Export-73.tif-parasite",1819,"EPCR",10,"AA","IT4var20",2019-06-23
"26","AA20190624-01-09-02-Image Export-74.tif-parasite",1701,"EPCR",10,"AA","IT4var20",2019-06-23
"27","AA20190624-01-09-03-Image Export-75.tif-parasite",1667,"EPCR",10,"AA","IT4var20",2019-06-23
"28","AA20190624-01-10-01-Image Export-76.tif-parasite",1852,"EPCR",5,"AA","IT4var20",2019-06-23
"29","AA20190624-01-10-02-Image Export-77.tif-parasite",1613,"EPCR",5,"AA","IT4var20",2019-06-23
"30","AA20190624-01-10-03-Image Export-78.tif-parasite",1564,"EPCR",5,"AA","IT4var20",2019-06-23
"31","AA20190624-01-11-01-Image Export-79.tif-parasite",1691,"EPCR",2.5,"AA","IT4var20",2019-06-23
"32","AA20190624-01-11-02-Image Export-80.tif-parasite",1601,"EPCR",2.5,"AA","IT4var20",2019-06-23
"33","AA20190624-01-11-03-Image Export-81.tif-parasite",1556,"EPCR",2.5,"AA","IT4var20",2019-06-23
"34","AA20190624-01-12-01-Image Export-82.tif-parasite",1484,"EPCR",1.25,"AA","IT4var20",2019-06-23
"35","AA20190624-01-12-02-Image Export-83.tif-parasite",1452,"EPCR",1.25,"AA","IT4var20",2019-06-23
"36","AA20190624-01-12-03-Image Export-84.tif-parasite",1204,"EPCR",1.25,"AA","IT4var20",2019-06-23
"37","AA20190624-01-13-01-Image Export-85.tif-parasite",1331,"EPCR",0.625,"AA","IT4var20",2019-06-23
"38","AA20190624-01-13-02-Image Export-86.tif-parasite",1306,"EPCR",0.625,"AA","IT4var20",2019-06-23
"39","AA20190624-01-13-03-Image Export-87.tif-parasite",987,"EPCR",0.625,"AA","IT4var20",2019-06-23
"40","AA20190624-01-14-01-Image Export-88.tif-parasite",130,"EPCR",0.3125,"AA","IT4var20",2019-06-23
"41","AA20190624-01-14-02-Image Export-89.tif-parasite",169,"EPCR",0.3125,"AA","IT4var20",2019-06-23
"42","AA20190624-01-14-03-Image Export-90.tif-parasite",295,"EPCR",0.3125,"AA","IT4var20",2019-06-23
"43","AA20190624-01-15-01-Image Export-91.tif-parasite",115,"Control",0,"AA","IT4var20",2019-06-23
"44","AA20190624-01-15-02-Image Export-92.tif-parasite",145,"Control",0,"AA","IT4var20",2019-06-23
"45","AA20190624-01-15-03-Image Export-93.tif-parasite",65,"Control",0,"AA","IT4var20",2019-06-23
"46","AA20190624-01-16-01-Image Export-94.tif-parasite",207,"CD36",10,"AA","IT4var20",2019-06-23
"47","AA20190624-01-16-02-Image Export-95.tif-parasite",133,"CD36",10,"AA","IT4var20",2019-06-23
"48","AA20190624-01-16-03-Image Export-96.tif-parasite",106,"CD36",10,"AA","IT4var20",2019-06-23
"49","AS20190624-01-01-01-Image Export-49.tif-parasite",455,"EPCR",10,"AS","IT4var20",2019-06-23
"50","AS20190624-01-01-02-Image Export-50.tif-parasite",334,"EPCR",10,"AS","IT4var20",2019-06-23
"51","AS20190624-01-01-03-Image Export-51.tif-parasite",309,"EPCR",10,"AS","IT4var20",2019-06-23
"52","AS20190624-01-02-01-Image Export-52.tif-parasite",450,"EPCR",5,"AS","IT4var20",2019-06-23
"53","AS20190624-01-02-02-Image Export-53.tif-parasite",384,"EPCR",5,"AS","IT4var20",2019-06-23
"54","AS20190624-01-02-03-Image Export-54.tif-parasite",370,"EPCR",5,"AS","IT4var20",2019-06-23
"55","AS20190624-01-03-01-Image Export-55.tif-parasite",198,"EPCR",2.5,"AS","IT4var20",2019-06-23
"56","AS20190624-01-03-02-Image Export-56.tif-parasite",171,"EPCR",2.5,"AS","IT4var20",2019-06-23
"57","AS20190624-01-03-03-Image Export-57.tif-parasite",69,"EPCR",2.5,"AS","IT4var20",2019-06-23
"58","AS20190624-01-04-01-Image Export-58.tif-parasite",264,"EPCR",1.25,"AS","IT4var20",2019-06-23
"59","AS20190624-01-04-02-Image Export-59.tif-parasite",370,"EPCR",1.25,"AS","IT4var20",2019-06-23
"60","AS20190624-01-04-03-Image Export-60.tif-parasite",210,"EPCR",1.25,"AS","IT4var20",2019-06-23
"61","AS20190624-01-05-01-Image Export-61.tif-parasite",90,"EPCR",0.625,"AS","IT4var20",2019-06-23
"62","AS20190624-01-05-02-Image Export-62.tif-parasite",59,"EPCR",0.625,"AS","IT4var20",2019-06-23
"63","AS20190624-01-05-03-Image Export-63.tif-parasite",38,"EPCR",0.625,"AS","IT4var20",2019-06-23
"64","AS20190624-01-06-01-Image Export-64.tif-parasite",51,"EPCR",0.3125,"AS","IT4var20",2019-06-23
"65","AS20190624-01-06-02-Image Export-65.tif-parasite",50,"EPCR",0.3125,"AS","IT4var20",2019-06-23
"66","AS20190624-01-06-03-Image Export-66.tif-parasite",32,"EPCR",0.3125,"AS","IT4var20",2019-06-23
"67","AS20190624-01-07-01-Image Export-67.tif-parasite",35,"Control",0,"AS","IT4var20",2019-06-23
"68","AS20190624-01-07-02-Image Export-68.tif-parasite",59,"Control",0,"AS","IT4var20",2019-06-23
"69","AS20190624-01-07-03-Image Export-69.tif-parasite",28,"Control",0,"AS","IT4var20",2019-06-23
"70","AS20190624-01-08-01-Image Export-70.tif-parasite",97,"CD36",10,"AS","IT4var20",2019-06-23
"71","AS20190624-01-08-02-Image Export-71.tif-parasite",73,"CD36",10,"AS","IT4var20",2019-06-23
"72","AS20190624-01-08-03-Image Export-72.tif-parasite",91,"CD36",10,"AS","IT4var20",2019-06-23
"73","AS20190624-01-09-01-Image Export-25.tif-parasite",591,"EPCR",10,"AS","IT4var20",2019-06-23
"74","AS20190624-01-09-02-Image Export-26.tif-parasite",287,"EPCR",10,"AS","IT4var20",2019-06-23
"75","AS20190624-01-09-03-Image Export-27.tif-parasite",318,"EPCR",10,"AS","IT4var20",2019-06-23
"76","AS20190624-01-10-01-Image Export-28.tif-parasite",582,"EPCR",5,"AS","IT4var20",2019-06-23
"77","AS20190624-01-10-02-Image Export-29.tif-parasite",479,"EPCR",5,"AS","IT4var20",2019-06-23
"78","AS20190624-01-10-03-Image Export-30.tif-parasite",326,"EPCR",5,"AS","IT4var20",2019-06-23
"79","AS20190624-01-11-01-Image Export-31.tif-parasite",357,"EPCR",2.5,"AS","IT4var20",2019-06-23
"80","AS20190624-01-11-02-Image Export-32.tif-parasite",266,"EPCR",2.5,"AS","IT4var20",2019-06-23
"81","AS20190624-01-11-03-Image Export-33.tif-parasite",264,"EPCR",2.5,"AS","IT4var20",2019-06-23
"82","AS20190624-01-12-01-Image Export-34.tif-parasite",413,"EPCR",1.25,"AS","IT4var20",2019-06-23
"83","AS20190624-01-12-02-Image Export-35.tif-parasite",322,"EPCR",1.25,"AS","IT4var20",2019-06-23
"84","AS20190624-01-12-03-Image Export-36.tif-parasite",232,"EPCR",1.25,"AS","IT4var20",2019-06-23
"85","AS20190624-01-13-01-Image Export-37.tif-parasite",95,"EPCR",0.625,"AS","IT4var20",2019-06-23
"86","AS20190624-01-13-02-Image Export-38.tif-parasite",82,"EPCR",0.625,"AS","IT4var20",2019-06-23
"87","AS20190624-01-13-03-Image Export-39.tif-parasite",51,"EPCR",0.625,"AS","IT4var20",2019-06-23
"88","AS20190624-01-14-01-Image Export-40.tif-parasite",53,"EPCR",0.3125,"AS","IT4var20",2019-06-23
"89","AS20190624-01-14-02-Image Export-41.tif-parasite",43,"EPCR",0.3125,"AS","IT4var20",2019-06-23
"90","AS20190624-01-14-03-Image Export-42.tif-parasite",26,"EPCR",0.3125,"AS","IT4var20",2019-06-23
"91","AS20190624-01-15-01-Image Export-43.tif-parasite",86,"Control",0,"AS","IT4var20",2019-06-23
"92","AS20190624-01-15-02-Image Export-44.tif-parasite",28,"Control",0,"AS","IT4var20",2019-06-23
"93","AS20190624-01-15-03-Image Export-45.tif-parasite",39,"Control",0,"AS","IT4var20",2019-06-23
"94","AS20190624-01-16-01-Image Export-46.tif-parasite",96,"CD36",10,"AS","IT4var20",2019-06-23
"95","AS20190624-01-16-02-Image Export-47.tif-parasite",46,"CD36",10,"AS","IT4var20",2019-06-23
"96","AS20190624-01-16-03-Image Export-48.tif-parasite",30,"CD36",10,"AS","IT4var20",2019-06-23
"97","3.01.1-Image Export-01.tif-parasite",1760,"CD36",10,"AA","3d7",2019-09-03
"98","3.01.2-Image Export-02.tif-parasite",1486,"CD36",10,"AA","3d7",2019-09-03
"99","3.01.3-Image Export-03.tif-parasite",1776,"CD36",10,"AA","3d7",2019-09-03
"100","3.02.1-Image Export-04.tif-parasite",2870,"CD36",5,"AA","3d7",2019-09-03
"101","3.02.2-Image Export-05.tif-parasite",1350,"CD36",5,"AA","3d7",2019-09-03
"102","3.02.3-Image Export-06.tif-parasite",1739,"CD36",5,"AA","3d7",2019-09-03
"103","3.03.1-Image Export-07.tif-parasite",549,"CD36",2.5,"AA","3d7",2019-09-03
"104","3.03.2-Image Export-08.tif-parasite",315,"CD36",2.5,"AA","3d7",2019-09-03
"105","3.03.3-Image Export-09.tif-parasite",494,"CD36",2.5,"AA","3d7",2019-09-03
"106","3.04.1-Image Export-10.tif-parasite",57,"CD36",1.25,"AA","3d7",2019-09-03
"107","3.04.2-Image Export-11.tif-parasite",21,"CD36",1.25,"AA","3d7",2019-09-03
"108","3.04.3-Image Export-12.tif-parasite",215,"CD36",1.25,"AA","3d7",2019-09-03
"109","3.05.1-Image Export-13.tif-parasite",24,"CD36",0.625,"AA","3d7",2019-09-03
"110","3.05.2-Image Export-14.tif-parasite",15,"CD36",0.625,"AA","3d7",2019-09-03
"111","3.05.3-Image Export-15.tif-parasite",12,"CD36",0.625,"AA","3d7",2019-09-03
"112","3.06.1-Image Export-16.tif-parasite",7,"CD36",0.3125,"AA","3d7",2019-09-03
"113","3.06.2-Image Export-17.tif-parasite",3,"CD36",0.3125,"AA","3d7",2019-09-03
"114","3.06.3-Image Export-18.tif-parasite",9,"CD36",0.3125,"AA","3d7",2019-09-03
"115","3.07.1-Image Export-19.tif-parasite",5,"Control",0,"AA","3d7",2019-09-03
"116","3.07.2-Image Export-20.tif-parasite",4,"Control",0,"AA","3d7",2019-09-03
"117","3.07.3-Image Export-21.tif-parasite",4,"Control",0,"AA","3d7",2019-09-03
"118","3.08.1-Image Export-22.tif-parasite",7,"EPCR",10,"AA","3d7",2019-09-03
"119","3.08.2-Image Export-23.tif-parasite",3,"EPCR",10,"AA","3d7",2019-09-03
"120","3.08.3-Image Export-24.tif-parasite",5,"EPCR",10,"AA","3d7",2019-09-03
"121","3.09.1-Image Export-25.tif-parasite",356,"CD36",10,"AS","3d7",2019-09-03
"122","3.09.2-Image Export-26.tif-parasite",366,"CD36",10,"AS","3d7",2019-09-03
"123","3.09.3-Image Export-27.tif-parasite",239,"CD36",10,"AS","3d7",2019-09-03
"124","3.10.1-Image Export-28.tif-parasite",394,"CD36",5,"AS","3d7",2019-09-03
"125","3.10.2-Image Export-29.tif-parasite",316,"CD36",5,"AS","3d7",2019-09-03
"126","3.10.3-Image Export-30.tif-parasite",536,"CD36",5,"AS","3d7",2019-09-03
"127","3.11.1-Image Export-31.tif-parasite",27,"CD36",2.5,"AS","3d7",2019-09-03
"128","3.11.2-Image Export-32.tif-parasite",43,"CD36",2.5,"AS","3d7",2019-09-03
"129","3.11.3-Image Export-33.tif-parasite",56,"CD36",2.5,"AS","3d7",2019-09-03
"130","3.12.1-Image Export-34.tif-parasite",8,"CD36",1.25,"AS","3d7",2019-09-03
"131","3.12.2-Image Export-35.tif-parasite",18,"CD36",1.25,"AS","3d7",2019-09-03
"132","3.12.3-Image Export-36.tif-parasite",17,"CD36",1.25,"AS","3d7",2019-09-03
"133","3.13.1-Image Export-37.tif-parasite",10,"CD36",0.625,"AS","3d7",2019-09-03
"134","3.13.2-Image Export-38.tif-parasite",8,"CD36",0.625,"AS","3d7",2019-09-03
"135","3.13.3-Image Export-39.tif-parasite",5,"CD36",0.625,"AS","3d7",2019-09-03
"136","3.14.1-Image Export-40.tif-parasite",17,"CD36",0.3125,"AS","3d7",2019-09-03
"137","3.14.2-Image Export-41.tif-parasite",17,"CD36",0.3125,"AS","3d7",2019-09-03
"138","3.14.3-Image Export-42.tif-parasite",7,"CD36",0.3125,"AS","3d7",2019-09-03
"139","3.15.1-Image Export-43.tif-parasite",22,"Control",0,"AS","3d7",2019-09-03
"140","3.15.2-Image Export-44.tif-parasite",19,"Control",0,"AS","3d7",2019-09-03
"141","3.15.3-Image Export-45.tif-parasite",9,"Control",0,"AS","3d7",2019-09-03
"142","3.16.1-Image Export-46.tif-parasite",17,"EPCR",10,"AS","3d7",2019-09-03
"143","3.16.2-Image Export-47.tif-parasite",7,"EPCR",10,"AS","3d7",2019-09-03
"144","3.16.3-Image Export-48.tif-parasite",20,"EPCR",10,"AS","3d7",2019-09-03
"145","4.01.1-Image Export-49.tif-parasite",357,"CD36",10,"AS","3d7",2019-09-03
"146","4.01.2-Image Export-50.tif-parasite",244,"CD36",10,"AS","3d7",2019-09-03
"147","4.01.3-Image Export-51.tif-parasite",307,"CD36",10,"AS","3d7",2019-09-03
"148","4.02.1-Image Export-52.tif-parasite",345,"CD36",5,"AS","3d7",2019-09-03
"149","4.02.2-Image Export-53.tif-parasite",395,"CD36",5,"AS","3d7",2019-09-03
"150","4.02.3-Image Export-54.tif-parasite",440,"CD36",5,"AS","3d7",2019-09-03
"151","4.03.1-Image Export-55.tif-parasite",132,"CD36",2.5,"AS","3d7",2019-09-03
"152","4.03.2-Image Export-56.tif-parasite",115,"CD36",2.5,"AS","3d7",2019-09-03
"153","4.03.3-Image Export-57.tif-parasite",72,"CD36",2.5,"AS","3d7",2019-09-03
"154","4.04.1-Image Export-58.tif-parasite",26,"CD36",1.25,"AS","3d7",2019-09-03
"155","4.04.2-Image Export-59.tif-parasite",36,"CD36",1.25,"AS","3d7",2019-09-03
"156","4.04.3-Image Export-60.tif-parasite",42,"CD36",1.25,"AS","3d7",2019-09-03
"157","4.05.1-Image Export-61.tif-parasite",65,"CD36",0.625,"AS","3d7",2019-09-03
"158","4.05.2-Image Export-62.tif-parasite",63,"CD36",0.625,"AS","3d7",2019-09-03
"159","4.05.3-Image Export-63.tif-parasite",40,"CD36",0.625,"AS","3d7",2019-09-03
"160","4.06.1-Image Export-64.tif-parasite",21,"CD36",0.3125,"AS","3d7",2019-09-03
"161","4.06.2-Image Export-65.tif-parasite",20,"CD36",0.3125,"AS","3d7",2019-09-03
"162","4.06.3-Image Export-66.tif-parasite",31,"CD36",0.3125,"AS","3d7",2019-09-03
"163","4.07.1-Image Export-67.tif-parasite",12,"Control",0,"AS","3d7",2019-09-03
"164","4.07.2-Image Export-68.tif-parasite",24,"Control",0,"AS","3d7",2019-09-03
"165","4.07.3-Image Export-69.tif-parasite",34,"Control",0,"AS","3d7",2019-09-03
"166","4.08.1-Image Export-70.tif-parasite",13,"EPCR",10,"AA","3d7",2019-09-03
"167","4.08.2-Image Export-71.tif-parasite",20,"EPCR",10,"AA","3d7",2019-09-03
"168","4.08.3-Image Export-72.tif-parasite",28,"EPCR",10,"AA","3d7",2019-09-03
"169","4.09.1-Image Export-73.tif-parasite",2138,"CD36",10,"AA","3d7",2019-09-03
"170","4.09.2-Image Export-74.tif-parasite",2196,"CD36",10,"AA","3d7",2019-09-03
"171","4.09.3-Image Export-75.tif-parasite",1790,"CD36",10,"AA","3d7",2019-09-03
"172","4.10.1-Image Export-76.tif-parasite",2121,"CD36",5,"AA","3d7",2019-09-03
"173","4.10.2-Image Export-77.tif-parasite",2181,"CD36",5,"AA","3d7",2019-09-03
"174","4.10.3-Image Export-78.tif-parasite",2367,"CD36",5,"AA","3d7",2019-09-03
"175","4.11.1-Image Export-79.tif-parasite",628,"CD36",2.5,"AA","3d7",2019-09-03
"176","4.11.2-Image Export-80.tif-parasite",528,"CD36",2.5,"AA","3d7",2019-09-03
"177","4.11.3-Image Export-81.tif-parasite",482,"CD36",2.5,"AA","3d7",2019-09-03
"178","4.12.1-Image Export-82.tif-parasite",171,"CD36",1.25,"AA","3d7",2019-09-03
"179","4.12.2-Image Export-83.tif-parasite",168,"CD36",1.25,"AA","3d7",2019-09-03
"180","4.12.3-Image Export-84.tif-parasite",160,"CD36",1.25,"AA","3d7",2019-09-03
"181","4.13.1-Image Export-85.tif-parasite",115,"CD36",0.625,"AA","3d7",2019-09-03
"182","4.13.2-Image Export-86.tif-parasite",124,"CD36",0.625,"AA","3d7",2019-09-03
"183","4.13.3-Image Export-87.tif-parasite",92,"CD36",0.625,"AA","3d7",2019-09-03
"184","4.14.1-Image Export-88.tif-parasite",53,"CD36",0.3125,"AA","3d7",2019-09-03
"185","4.14.2-Image Export-89.tif-parasite",33,"CD36",0.3125,"AA","3d7",2019-09-03
"186","4.14.3-Image Export-90.tif-parasite",50,"CD36",0.3125,"AA","3d7",2019-09-03
"187","4.15.1-Image Export-91.tif-parasite",59,"Control",0,"AA","3d7",2019-09-03
"188","4.15.2-Image Export-92.tif-parasite",63,"Control",0,"AA","3d7",2019-09-03
"189","4.15.3-Image Export-93.tif-parasite",41,"Control",0,"AA","3d7",2019-09-03
"190","4.16.1-Image Export-94.tif-parasite",54,"EPCR",10,"AA","3d7",2019-09-03
"191","4.16.2-Image Export-95.tif-parasite",39,"EPCR",10,"AA","3d7",2019-09-03
"192","4.16.3-Image Export-96.tif-parasite",48,"EPCR",10,"AA","3d7",2019-09-03
"193","01.01.1-Image Export-01.tif-parasite",2036,"EPCR",10,"AA","IT4var20",2019-09-01
"194","01.01.2-Image Export-02.tif-parasite",1832,"EPCR",10,"AA","IT4var20",2019-09-01
"195","01.01.3-Image Export-03.tif-parasite",2091,"EPCR",10,"AA","IT4var20",2019-09-01
"196","01.02.1-Image Export-04.tif-parasite",2343,"EPCR",5,"AA","IT4var20",2019-09-01
"197","01.02.2-Image Export-05.tif-parasite",2629,"EPCR",5,"AA","IT4var20",2019-09-01
"198","01.02.3-Image Export-06.tif-parasite",2534,"EPCR",5,"AA","IT4var20",2019-09-01
"199","01.03.1-Image Export-07.tif-parasite",2172,"EPCR",2.5,"AA","IT4var20",2019-09-01
"200","01.03.2-Image Export-08.tif-parasite",2599,"EPCR",2.5,"AA","IT4var20",2019-09-01
"201","01.03.3-Image Export-09.tif-parasite",2215,"EPCR",2.5,"AA","IT4var20",2019-09-01
"202","01.04.1-Image Export-10.tif-parasite",3242,"EPCR",1.25,"AA","IT4var20",2019-09-01
"203","01.04.2-Image Export-11.tif-parasite",3032,"EPCR",1.25,"AA","IT4var20",2019-09-01
"204","01.04.3-Image Export-12.tif-parasite",2851,"EPCR",1.25,"AA","IT4var20",2019-09-01
"205","01.05.1-Image Export-13.tif-parasite",2968,"EPCR",0.625,"AA","IT4var20",2019-09-01
"206","01.05.2-Image Export-14.tif-parasite",3149,"EPCR",0.625,"AA","IT4var20",2019-09-01
"207","01.05.3-Image Export-15.tif-parasite",2326,"EPCR",0.625,"AA","IT4var20",2019-09-01
"208","01.06.1-Image Export-16.tif-parasite",3104,"EPCR",0.3125,"AA","IT4var20",2019-09-01
"209","01.06.2-Image Export-17.tif-parasite",3357,"EPCR",0.3125,"AA","IT4var20",2019-09-01
"210","01.06.3-Image Export-18.tif-parasite",2656,"EPCR",0.3125,"AA","IT4var20",2019-09-01
"211","01.07.1-Image Export-19.tif-parasite",286,"Control",0,"AA","IT4var20",2019-09-01
"212","01.07.2-Image Export-20.tif-parasite",418,"Control",0,"AA","IT4var20",2019-09-01
"213","01.07.3-Image Export-21.tif-parasite",568,"Control",0,"AA","IT4var20",2019-09-01
"214","01.08.1-Image Export-22.tif-parasite",652,"CD36",10,"AA","IT4var20",2019-09-01
"215","01.08.2-Image Export-23.tif-parasite",841,"CD36",10,"AA","IT4var20",2019-09-01
"216","01.08.3-Image Export-24.tif-parasite",893,"CD36",10,"AA","IT4var20",2019-09-01
"217","01.09.1-Image Export-25.tif-parasite",549,"EPCR",10,"AS","IT4var20",2019-09-01
"218","01.09.2-Image Export-26.tif-parasite",483,"EPCR",10,"AS","IT4var20",2019-09-01
"219","01.09.3-Image Export-27.tif-parasite",628,"EPCR",10,"AS","IT4var20",2019-09-01
"220","01.10.1-Image Export-28.tif-parasite",905,"EPCR",5,"AS","IT4var20",2019-09-01
"221","01.10.2-Image Export-29.tif-parasite",1056,"EPCR",5,"AS","IT4var20",2019-09-01
"222","01.10.3-Image Export-30.tif-parasite",958,"EPCR",5,"AS","IT4var20",2019-09-01
"223","01.11.1-Image Export-31.tif-parasite",570,"EPCR",2.5,"AS","IT4var20",2019-09-01
"224","01.11.2-Image Export-32.tif-parasite",813,"EPCR",2.5,"AS","IT4var20",2019-09-01
"225","01.11.3-Image Export-33.tif-parasite",708,"EPCR",2.5,"AS","IT4var20",2019-09-01
"226","01.12.1-Image Export-34.tif-parasite",413,"EPCR",1.25,"AS","IT4var20",2019-09-01
"227","01.12.2-Image Export-35.tif-parasite",391,"EPCR",1.25,"AS","IT4var20",2019-09-01
"228","01.12.3-Image Export-36.tif-parasite",450,"EPCR",1.25,"AS","IT4var20",2019-09-01
"229","01.13.1-Image Export-37.tif-parasite",354,"EPCR",0.625,"AS","IT4var20",2019-09-01
"230","01.13.2-Image Export-38.tif-parasite",523,"EPCR",0.625,"AS","IT4var20",2019-09-01
"231","01.13.3-Image Export-39.tif-parasite",495,"EPCR",0.625,"AS","IT4var20",2019-09-01
"232","01.14.1-Image Export-40.tif-parasite",315,"EPCR",0.3125,"AS","IT4var20",2019-09-01
"233","01.14.2-Image Export-41.tif-parasite",332,"EPCR",0.3125,"AS","IT4var20",2019-09-01
"234","01.14.3-Image Export-42.tif-parasite",400,"EPCR",0.3125,"AS","IT4var20",2019-09-01
"235","01.15.1-Image Export-43.tif-parasite",43,"Control",0,"AS","IT4var20",2019-09-01
"236","01.15.2-Image Export-44.tif-parasite",49,"Control",0,"AS","IT4var20",2019-09-01
"237","01.15.3-Image Export-45.tif-parasite",48,"Control",0,"AS","IT4var20",2019-09-01
"238","01.16.1-Image Export-46.tif-parasite",185,"CD36",10,"AS","IT4var20",2019-09-01
"239","01.16.2-Image Export-47.tif-parasite",149,"CD36",10,"AS","IT4var20",2019-09-01
"240","01.16.3-Image Export-48.tif-parasite",132,"CD36",10,"AS","IT4var20",2019-09-01
"241","2.01.1-Image Export-49.tif-parasite",483,"EPCR",10,"AS","IT4var20",2019-09-01
"242","2.01.2-Image Export-50.tif-parasite",308,"EPCR",10,"AS","IT4var20",2019-09-01
"243","2.01.3-Image Export-51.tif-parasite",242,"EPCR",10,"AS","IT4var20",2019-09-01
"244","2.02.1-Image Export-52.tif-parasite",541,"EPCR",5,"AS","IT4var20",2019-09-01
"245","2.02.2-Image Export-53.tif-parasite",496,"EPCR",5,"AS","IT4var20",2019-09-01
"246","2.02.3-Image Export-54.tif-parasite",434,"EPCR",5,"AS","IT4var20",2019-09-01
"247","2.03.1-Image Export-55.tif-parasite",340,"EPCR",2.5,"AS","IT4var20",2019-09-01
"248","2.03.2-Image Export-56.tif-parasite",386,"EPCR",2.5,"AS","IT4var20",2019-09-01
"249","2.03.3-Image Export-57.tif-parasite",255,"EPCR",2.5,"AS","IT4var20",2019-09-01
"250","2.04.1-Image Export-58.tif-parasite",467,"EPCR",1.25,"AS","IT4var20",2019-09-01
"251","2.04.2-Image Export-59.tif-parasite",494,"EPCR",1.25,"AS","IT4var20",2019-09-01
"252","2.04.3-Image Export-60.tif-parasite",312,"EPCR",1.25,"AS","IT4var20",2019-09-01
"253","2.05.1-Image Export-61.tif-parasite",419,"EPCR",0.625,"AS","IT4var20",2019-09-01
"254","2.05.2-Image Export-62.tif-parasite",319,"EPCR",0.625,"AS","IT4var20",2019-09-01
"255","2.05.3-Image Export-63.tif-parasite",352,"EPCR",0.625,"AS","IT4var20",2019-09-01
"256","2.06.1-Image Export-64.tif-parasite",282,"EPCR",0.3125,"AS","IT4var20",2019-09-01
"257","2.06.2-Image Export-65.tif-parasite",221,"EPCR",0.3125,"AS","IT4var20",2019-09-01
"258","2.06.3-Image Export-66.tif-parasite",218,"EPCR",0.3125,"AS","IT4var20",2019-09-01
"259","2.07.1-Image Export-67.tif-parasite",40,"Control",0,"AS","IT4var20",2019-09-01
"260","2.07.2-Image Export-68.tif-parasite",34,"Control",0,"AS","IT4var20",2019-09-01
"261","2.07.3-Image Export-69.tif-parasite",25,"Control",0,"AS","IT4var20",2019-09-01
"262","2.08.1-Image Export-70.tif-parasite",104,"CD36",10,"AS","IT4var20",2019-09-01
"263","2.08.2-Image Export-71.tif-parasite",76,"CD36",10,"AS","IT4var20",2019-09-01
"264","2.08.3-Image Export-72.tif-parasite",76,"CD36",10,"AS","IT4var20",2019-09-01
"265","2.09.1-Image Export-73.tif-parasite",2766,"EPCR",10,"AA","IT4var20",2019-09-01
"266","2.09.2-Image Export-74.tif-parasite",4254,"EPCR",10,"AA","IT4var20",2019-09-01
"267","2.09.3-Image Export-75.tif-parasite",4184,"EPCR",10,"AA","IT4var20",2019-09-01
"268","2.10.1-Image Export-76.tif-parasite",3910,"EPCR",5,"AA","IT4var20",2019-09-01
"269","2.10.2-Image Export-77.tif-parasite",3309,"EPCR",5,"AA","IT4var20",2019-09-01
"270","2.10.3-Image Export-78.tif-parasite",4521,"EPCR",5,"AA","IT4var20",2019-09-01
"271","2.11.1-Image Export-79.tif-parasite",3304,"EPCR",2.5,"AA","IT4var20",2019-09-01
"272","2.11.2-Image Export-80.tif-parasite",3916,"EPCR",2.5,"AA","IT4var20",2019-09-01
"273","2.11.3-Image Export-81.tif-parasite",4301,"EPCR",2.5,"AA","IT4var20",2019-09-01
"274","2.12.1-Image Export-82.tif-parasite",3747,"EPCR",1.25,"AA","IT4var20",2019-09-01
"275","2.12.2-Image Export-83.tif-parasite",5340,"EPCR",1.25,"AA","IT4var20",2019-09-01
"276","2.12.3-Image Export-84.tif-parasite",3288,"EPCR",1.25,"AA","IT4var20",2019-09-01
"277","2.13.1-Image Export-85.tif-parasite",2618,"EPCR",0.625,"AA","IT4var20",2019-09-01
"278","2.13.2-Image Export-86.tif-parasite",3264,"EPCR",0.625,"AA","IT4var20",2019-09-01
"279","2.13.3-Image Export-87.tif-parasite",2790,"EPCR",0.625,"AA","IT4var20",2019-09-01
"280","2.14.1-Image Export-88.tif-parasite",2036,"EPCR",0.3125,"AA","IT4var20",2019-09-01
"281","2.14.2-Image Export-89.tif-parasite",1446,"EPCR",0.3125,"AA","IT4var20",2019-09-01
"282","2.14.3-Image Export-90.tif-parasite",2650,"EPCR",0.3125,"AA","IT4var20",2019-09-01
"283","2.15.1-Image Export-91.tif-parasite",317,"Control",0,"AA","IT4var20",2019-09-01
"284","2.15.2-Image Export-92.tif-parasite",356,"Control",0,"AA","IT4var20",2019-09-01
"285","2.15.3-Image Export-93.tif-parasite",459,"Control",0,"AA","IT4var20",2019-09-01
"286","2.16.1-Image Export-94.tif-parasite",513,"CD36",10,"AA","IT4var20",2019-09-01
"287","2.16.2-Image Export-95.tif-parasite",1205,"CD36",10,"AA","IT4var20",2019-09-01
"288","2.16.3-Image Export-96.tif-parasite",1184,"CD36",10,"AA","IT4var20",2019-09-01
"289","20190916.1.01.1-Image Export-01.tif-parasite",2551,"CD36",10,"AA","IT4var30",2019-09-14
"290","20190916.1.01.2-Image Export-02.tif-parasite",2100,"CD36",10,"AA","IT4var30",2019-09-14
"291","20190916.1.01.3-Image Export-03.tif-parasite",1922,"CD36",10,"AA","IT4var30",2019-09-14
"292","20190916.1.02.1",2029,"CD36",5,"AA","IT4var30",2019-09-14
"293","20190916.1.02.2",2320,"CD36",5,"AA","IT4var30",2019-09-14
"294","20190916.1.02.3",2253,"CD36",5,"AA","IT4var30",2019-09-14
"295","20190916.1.03.1",775,"CD36",2.5,"AA","IT4var30",2019-09-14
"296","20190916.1.03.2",1016,"CD36",2.5,"AA","IT4var30",2019-09-14
"297","20190916.1.03.3",642,"CD36",2.5,"AA","IT4var30",2019-09-14
"298","20190916.1.04.1",164,"CD36",1.25,"AA","IT4var30",2019-09-14
"299","20190916.1.04.2",97,"CD36",1.25,"AA","IT4var30",2019-09-14
"300","20190916.1.04.3",171,"CD36",1.25,"AA","IT4var30",2019-09-14
"301","20190916.1.05.1",23,"CD36",0.625,"AA","IT4var30",2019-09-14
"302","20190916.1.05.2",34,"CD36",0.625,"AA","IT4var30",2019-09-14
"303","20190916.1.05.3",65,"CD36",0.625,"AA","IT4var30",2019-09-14
"304","20190916.1.06.1",26,"CD36",0.3125,"AA","IT4var30",2019-09-14
"305","20190916.1.06.2",21,"CD36",0.3125,"AA","IT4var30",2019-09-14
"306","20190916.1.06.3",51,"CD36",0.3125,"AA","IT4var30",2019-09-14
"307","20190916.1.07.1",24,"Control",0,"AA","IT4var30",2019-09-14
"308","20190916.1.07.2",15,"Control",0,"AA","IT4var30",2019-09-14
"309","20190916.1.07.3",10,"Control",0,"AA","IT4var30",2019-09-14
"310","20190916.1.08.1",10,"EPCR",10,"AA","IT4var30",2019-09-14
"311","20190916.1.08.2",12,"EPCR",10,"AA","IT4var30",2019-09-14
"312","20190916.1.08.3",13,"EPCR",10,"AA","IT4var30",2019-09-14
"313","20190916.1.09.1",301,"CD36",10,"AS","IT4var30",2019-09-14
"314","20190916.1.09.2",305,"CD36",10,"AS","IT4var30",2019-09-14
"315","20190916.1.09.3",217,"CD36",10,"AS","IT4var30",2019-09-14
"316","20190916.1.10.1",333,"CD36",5,"AS","IT4var30",2019-09-14
"317","20190916.1.10.2",374,"CD36",5,"AS","IT4var30",2019-09-14
"318","20190916.1.10.3",328,"CD36",5,"AS","IT4var30",2019-09-14
"319","20190916.1.11.1",65,"CD36",2.5,"AS","IT4var30",2019-09-14
"320","20190916.1.11.2",126,"CD36",2.5,"AS","IT4var30",2019-09-14
"321","20190916.1.11.3",119,"CD36",2.5,"AS","IT4var30",2019-09-14
"322","20190916.1.12.1",24,"CD36",1.25,"AS","IT4var30",2019-09-14
"323","20190916.1.12.2",24,"CD36",1.25,"AS","IT4var30",2019-09-14
"324","20190916.1.12.3",43,"CD36",1.25,"AS","IT4var30",2019-09-14
"325","20190916.1.13.1",11,"CD36",0.625,"AS","IT4var30",2019-09-14
"326","20190916.1.13.2",8,"CD36",0.625,"AS","IT4var30",2019-09-14
"327","20190916.1.13.3",11,"CD36",0.625,"AS","IT4var30",2019-09-14
"328","20190916.1.14.1",8,"CD36",0.3125,"AS","IT4var30",2019-09-14
"329","20190916.1.14.2",4,"CD36",0.3125,"AS","IT4var30",2019-09-14
"330","20190916.1.14.3",16,"CD36",0.3125,"AS","IT4var30",2019-09-14
"331","20190916.1.15.1",9,"Control",0,"AS","IT4var30",2019-09-14
"332","20190916.1.15.2",7,"Control",0,"AS","IT4var30",2019-09-14
"333","20190916.1.15.3",5,"Control",0,"AS","IT4var30",2019-09-14
"334","20190916.1.16.1",8,"EPCR",10,"AS","IT4var30",2019-09-14
"335","20190916.1.16.2",4,"EPCR",10,"AS","IT4var30",2019-09-14
"336","20190916.1.16.3",5,"EPCR",10,"AS","IT4var30",2019-09-14
"337","20190916.2.01.1-Image Export-01.tif-parasite",211,"CD36",10,"AS","IT4var30",2019-09-14
"338","20190916.2.01.2-Image Export-02.tif-parasite",213,"CD36",10,"AS","IT4var30",2019-09-14
"339","20190916.2.01.3-Image Export-03.tif-parasite",159,"CD36",10,"AS","IT4var30",2019-09-14
"340","20190916.2.02.1-Image Export-04.tif-parasite",210,"CD36",5,"AS","IT4var30",2019-09-14
"341","20190916.2.02.2-Image Export-05.tif-parasite",235,"CD36",5,"AS","IT4var30",2019-09-14
"342","20190916.2.02.3-Image Export-06.tif-parasite",192,"CD36",5,"AS","IT4var30",2019-09-14
"343","20190916.2.03.1-Image Export-07.tif-parasite",45,"CD36",2.5,"AS","IT4var30",2019-09-14
"344","20190916.2.03.2-Image Export-08.tif-parasite",56,"CD36",2.5,"AS","IT4var30",2019-09-14
"345","20190916.2.03.3-Image Export-09.tif-parasite",49,"CD36",2.5,"AS","IT4var30",2019-09-14
"346","20190916.2.04.1-Image Export-10.tif-parasite",58,"CD36",1.25,"AS","IT4var30",2019-09-14
"347","20190916.2.04.2-Image Export-11.tif-parasite",145,"CD36",1.25,"AS","IT4var30",2019-09-14
"348","20190916.2.04.3-Image Export-12.tif-parasite",97,"CD36",1.25,"AS","IT4var30",2019-09-14
"349","20190916.2.05.1-Image Export-13.tif-parasite",14,"CD36",0.625,"AS","IT4var30",2019-09-14
"350","20190916.2.05.2-Image Export-14.tif-parasite",12,"CD36",0.625,"AS","IT4var30",2019-09-14
"351","20190916.2.05.3-Image Export-15.tif-parasite",22,"CD36",0.625,"AS","IT4var30",2019-09-14
"352","20190916.2.06.1-Image Export-16.tif-parasite",6,"CD36",0.3125,"AS","IT4var30",2019-09-14
"353","20190916.2.06.2-Image Export-17.tif-parasite",5,"CD36",0.3125,"AS","IT4var30",2019-09-14
"354","20190916.2.06.3-Image Export-18.tif-parasite",12,"CD36",0.3125,"AS","IT4var30",2019-09-14
"355","20190916.2.07.1-Image Export-19.tif-parasite",4,"Control",0,"AS","IT4var30",2019-09-14
"356","20190916.2.07.2-Image Export-20.tif-parasite",6,"Control",0,"AS","IT4var30",2019-09-14
"357","20190916.2.07.3-Image Export-21.tif-parasite",2,"Control",0,"AS","IT4var30",2019-09-14
"358","20190916.2.08.1-Image Export-22.tif-parasite",4,"EPCR",10,"AS","IT4var30",2019-09-14
"359","20190916.2.08.2-Image Export-23.tif-parasite",5,"EPCR",10,"AS","IT4var30",2019-09-14
"360","20190916.2.08.3-Image Export-24.tif-parasite",7,"EPCR",10,"AS","IT4var30",2019-09-14
"361","20190916.2.09.1-Image Export-25.tif-parasite",1184,"CD36",10,"AA","IT4var30",2019-09-14
"362","20190916.2.09.2-Image Export-26.tif-parasite",1219,"CD36",10,"AA","IT4var30",2019-09-14
"363","20190916.2.09.3-Image Export-27.tif-parasite",1236,"CD36",10,"AA","IT4var30",2019-09-14
"364","20190916.2.10.1-Image Export-28.tif-parasite",1612,"CD36",5,"AA","IT4var30",2019-09-14
"365","20190916.2.10.2-Image Export-29.tif-parasite",1759,"CD36",5,"AA","IT4var30",2019-09-14
"366","20190916.2.10.3-Image Export-30.tif-parasite",1736,"CD36",5,"AA","IT4var30",2019-09-14
"367","20190916.2.11.1-Image Export-31.tif-parasite",1222,"CD36",2.5,"AA","IT4var30",2019-09-14
"368","20190916.2.11.2-Image Export-32.tif-parasite",1082,"CD36",2.5,"AA","IT4var30",2019-09-14
"369","20190916.2.11.3-Image Export-33.tif-parasite",951,"CD36",2.5,"AA","IT4var30",2019-09-14
"370","20190916.2.12.1-Image Export-34.tif-parasite",393,"CD36",1.25,"AA","IT4var30",2019-09-14
"371","20190916.2.12.2-Image Export-35.tif-parasite",446,"CD36",1.25,"AA","IT4var30",2019-09-14
"372","20190916.2.12.3-Image Export-36.tif-parasite",314,"CD36",1.25,"AA","IT4var30",2019-09-14
"373","20190916.2.13.1-Image Export-37.tif-parasite",189,"CD36",0.625,"AA","IT4var30",2019-09-14
"374","20190916.2.13.2-Image Export-38.tif-parasite",221,"CD36",0.625,"AA","IT4var30",2019-09-14
"375","20190916.2.13.3-Image Export-39.tif-parasite",204,"CD36",0.625,"AA","IT4var30",2019-09-14
"376","20190916.2.14.1-Image Export-40.tif-parasite",16,"CD36",0.3125,"AA","IT4var30",2019-09-14
"377","20190916.2.14.2-Image Export-41.tif-parasite",26,"CD36",0.3125,"AA","IT4var30",2019-09-14
"378","20190916.2.14.3-Image Export-42.tif-parasite",8,"CD36",0.3125,"AA","IT4var30",2019-09-14
"379","20190916.2.15.1-Image Export-43.tif-parasite",21,"Control",0,"AA","IT4var30",2019-09-14
"380","20190916.2.15.2-Image Export-44.tif-parasite",4,"Control",0,"AA","IT4var30",2019-09-14
"381","20190916.2.15.3-Image Export-45.tif-parasite",13,"Control",0,"AA","IT4var30",2019-09-14
"382","20190916.2.16.1-Image Export-46.tif-parasite",11,"EPCR",10,"AA","IT4var30",2019-09-14
"383","20190916.2.16.2-Image Export-47.tif-parasite",18,"EPCR",10,"AA","IT4var30",2019-09-14
"384","20190916.2.16.3-Image Export-48.tif-parasite",3,"EPCR",10,"AA","IT4var30",2019-09-14
"385","20190918.01.1-Image Export-01.tif-parasite",792,"CD36",10,"AA","3d7",2019-09-17
"386","20190918.01.2-Image Export-02.tif-parasite",709,"CD36",10,"AA","3d7",2019-09-17
"387","20190918.01.3-Image Export-03.tif-parasite",696,"CD36",10,"AA","3d7",2019-09-17
"388","20190918.02.1-Image Export-04.tif-parasite",810,"CD36",5,"AA","3d7",2019-09-17
"389","20190918.02.2-Image Export-05.tif-parasite",525,"CD36",5,"AA","3d7",2019-09-17
"390","20190918.02.3-Image Export-06.tif-parasite",703,"CD36",5,"AA","3d7",2019-09-17
"391","20190918.03.1-Image Export-07.tif-parasite",161,"CD36",2.5,"AA","3d7",2019-09-17
"392","20190918.03.2-Image Export-08.tif-parasite",285,"CD36",2.5,"AA","3d7",2019-09-17
"393","20190918.03.3-Image Export-09.tif-parasite",168,"CD36",2.5,"AA","3d7",2019-09-17
"394","20190918.04.1-Image Export-10.tif-parasite",79,"CD36",1.25,"AA","3d7",2019-09-17
"395","20190918.04.2-Image Export-11.tif-parasite",64,"CD36",1.25,"AA","3d7",2019-09-17
"396","20190918.04.3-Image Export-12.tif-parasite",67,"CD36",1.25,"AA","3d7",2019-09-17
"397","20190918.05.1-Image Export-13.tif-parasite",6,"CD36",0.625,"AA","3d7",2019-09-17
"398","20190918.05.2-Image Export-14.tif-parasite",5,"CD36",0.625,"AA","3d7",2019-09-17
"399","20190918.05.3-Image Export-15.tif-parasite",3,"CD36",0.625,"AA","3d7",2019-09-17
"400","20190918.06.1-Image Export-16.tif-parasite",12,"CD36",0.3125,"AA","3d7",2019-09-17
"401","20190918.06.2-Image Export-17.tif-parasite",16,"CD36",0.3125,"AA","3d7",2019-09-17
"402","20190918.06.3-Image Export-18.tif-parasite",17,"CD36",0.3125,"AA","3d7",2019-09-17
"403","20190918.07.1-Image Export-19.tif-parasite",5,"Control",0,"AA","3d7",2019-09-17
"404","20190918.07.2-Image Export-20.tif-parasite",12,"Control",0,"AA","3d7",2019-09-17
"405","20190918.07.3-Image Export-21.tif-parasite",5,"Control",0,"AA","3d7",2019-09-17
"406","20190918.08.1-Image Export-22.tif-parasite",9,"EPCR",10,"AA","3d7",2019-09-17
"407","20190918.08.2-Image Export-23.tif-parasite",4,"EPCR",10,"AA","3d7",2019-09-17
"408","20190918.08.3-Image Export-24.tif-parasite",4,"EPCR",10,"AA","3d7",2019-09-17
"409","20190918.09.1-Image Export-25.tif-parasite",26,"CD36",10,"AS","3d7",2019-09-17
"410","20190918.09.2-Image Export-26.tif-parasite",55,"CD36",10,"AS","3d7",2019-09-17
"411","20190918.09.3-Image Export-27.tif-parasite",40,"CD36",10,"AS","3d7",2019-09-17
"412","20190918.10.1-Image Export-28.tif-parasite",227,"CD36",5,"AS","3d7",2019-09-17
"413","20190918.10.2-Image Export-29.tif-parasite",257,"CD36",5,"AS","3d7",2019-09-17
"414","20190918.10.3-Image Export-30.tif-parasite",192,"CD36",5,"AS","3d7",2019-09-17
"415","20190918.11.1-Image Export-31.tif-parasite",162,"CD36",2.5,"AS","3d7",2019-09-17
"416","20190918.11.2-Image Export-32.tif-parasite",109,"CD36",2.5,"AS","3d7",2019-09-17
"417","20190918.11.3-Image Export-33.tif-parasite",117,"CD36",2.5,"AS","3d7",2019-09-17
"418","20190918.12.1-Image Export-34.tif-parasite",29,"CD36",1.25,"AS","3d7",2019-09-17
"419","20190918.12.2-Image Export-35.tif-parasite",10,"CD36",1.25,"AS","3d7",2019-09-17
"420","20190918.12.3-Image Export-36.tif-parasite",15,"CD36",1.25,"AS","3d7",2019-09-17
"421","20190918.13.1-Image Export-37.tif-parasite",20,"CD36",0.625,"AS","3d7",2019-09-17
"422","20190918.13.2-Image Export-38.tif-parasite",24,"CD36",0.625,"AS","3d7",2019-09-17
"423","20190918.13.3-Image Export-39.tif-parasite",28,"CD36",0.625,"AS","3d7",2019-09-17
"424","20190918.14.1-Image Export-40.tif-parasite",33,"CD36",0.3125,"AS","3d7",2019-09-17
"425","20190918.14.2-Image Export-41.tif-parasite",19,"CD36",0.3125,"AS","3d7",2019-09-17
"426","20190918.14.3-Image Export-42.tif-parasite",15,"CD36",0.3125,"AS","3d7",2019-09-17
"427","20190918.15.1-Image Export-43.tif-parasite",30,"Control",0,"AS","3d7",2019-09-17
"428","20190918.15.2-Image Export-44.tif-parasite",16,"Control",0,"AS","3d7",2019-09-17
"429","20190918.15.3-Image Export-45.tif-parasite",17,"Control",0,"AS","3d7",2019-09-17
"430","20190918.16.1-Image Export-46.tif-parasite",19,"EPCR",10,"AS","3d7",2019-09-17
"431","20190918.16.2-Image Export-47.tif-parasite",11,"EPCR",10,"AS","3d7",2019-09-17
"432","20190918.16.3-Image Export-48.tif-parasite",11,"EPCR",10,"AS","3d7",2019-09-17
"433","20190918.2.01.1-Image Export-01.tif-parasite",360,"CD36",10,"AS","3d7",2019-09-17
"434","20190918.2.01.2-Image Export-02.tif-parasite",359,"CD36",10,"AS","3d7",2019-09-17
"435","20190918.2.01.3-Image Export-03.tif-parasite",357,"CD36",10,"AS","3d7",2019-09-17
"436","20190918.2.02.1-Image Export-04.tif-parasite",238,"CD36",5,"AS","3d7",2019-09-17
"437","20190918.2.02.2-Image Export-05.tif-parasite",187,"CD36",5,"AS","3d7",2019-09-17
"438","20190918.2.02.3-Image Export-06.tif-parasite",222,"CD36",5,"AS","3d7",2019-09-17
"439","20190918.2.03.1-Image Export-07.tif-parasite",56,"CD36",2.5,"AS","3d7",2019-09-17
"440","20190918.2.03.2-Image Export-08.tif-parasite",42,"CD36",2.5,"AS","3d7",2019-09-17
"441","20190918.2.03.3-Image Export-09.tif-parasite",76,"CD36",2.5,"AS","3d7",2019-09-17
"442","20190918.2.04.1-Image Export-10.tif-parasite",26,"CD36",1.25,"AS","3d7",2019-09-17
"443","20190918.2.04.2-Image Export-11.tif-parasite",23,"CD36",1.25,"AS","3d7",2019-09-17
"444","20190918.2.04.3-Image Export-12.tif-parasite",43,"CD36",1.25,"AS","3d7",2019-09-17
"445","20190918.2.05.1-Image Export-13.tif-parasite",10,"CD36",0.625,"AS","3d7",2019-09-17
"446","20190918.2.05.2-Image Export-14.tif-parasite",9,"CD36",0.625,"AS","3d7",2019-09-17
"447","20190918.2.05.3-Image Export-15.tif-parasite",21,"CD36",0.625,"AS","3d7",2019-09-17
"448","20190918.2.06.1-Image Export-16.tif-parasite",16,"CD36",0.3125,"AS","3d7",2019-09-17
"449","20190918.2.06.2-Image Export-17.tif-parasite",7,"CD36",0.3125,"AS","3d7",2019-09-17
"450","20190918.2.06.3-Image Export-18.tif-parasite",9,"CD36",0.3125,"AS","3d7",2019-09-17
"451","20190918.2.07.1-Image Export-19.tif-parasite",28,"Control",0,"AS","3d7",2019-09-17
"452","20190918.2.07.2-Image Export-20.tif-parasite",20,"Control",0,"AS","3d7",2019-09-17
"453","20190918.2.07.3-Image Export-21.tif-parasite",12,"Control",0,"AS","3d7",2019-09-17
"454","20190918.2.08.1-Image Export-22.tif-parasite",17,"EPCR",10,"AS","3d7",2019-09-17
"455","20190918.2.08.2-Image Export-23.tif-parasite",15,"EPCR",10,"AS","3d7",2019-09-17
"456","20190918.2.08.3-Image Export-24.tif-parasite",18,"EPCR",10,"AS","3d7",2019-09-17
"457","20190918.2.09.1-Image Export-25.tif-parasite",167,"CD36",10,"AA","3d7",2019-09-17
"458","20190918.2.09.2-Image Export-26.tif-parasite",151,"CD36",10,"AA","3d7",2019-09-17
"459","20190918.2.09.3-Image Export-27.tif-parasite",128,"CD36",10,"AA","3d7",2019-09-17
"460","20190918.2.10.1-Image Export-28.tif-parasite",448,"CD36",5,"AA","3d7",2019-09-17
"461","20190918.2.10.2-Image Export-29.tif-parasite",328,"CD36",5,"AA","3d7",2019-09-17
"462","20190918.2.10.3-Image Export-30.tif-parasite",555,"CD36",5,"AA","3d7",2019-09-17
"463","20190918.2.11.1-Image Export-31.tif-parasite",108,"CD36",2.5,"AA","3d7",2019-09-17
"464","20190918.2.11.2-Image Export-32.tif-parasite",160,"CD36",2.5,"AA","3d7",2019-09-17
"465","20190918.2.11.3-Image Export-33.tif-parasite",92,"CD36",2.5,"AA","3d7",2019-09-17
"466","20190918.2.12.1-Image Export-34.tif-parasite",63,"CD36",1.25,"AA","3d7",2019-09-17
"467","20190918.2.12.2-Image Export-35.tif-parasite",55,"CD36",1.25,"AA","3d7",2019-09-17
"468","20190918.2.12.3-Image Export-36.tif-parasite",47,"CD36",1.25,"AA","3d7",2019-09-17
"469","20190918.2.13.1-Image Export-37.tif-parasite",29,"CD36",0.625,"AA","3d7",2019-09-17
"470","20190918.2.13.2-Image Export-38.tif-parasite",20,"CD36",0.625,"AA","3d7",2019-09-17
"471","20190918.2.13.3-Image Export-39.tif-parasite",20,"CD36",0.625,"AA","3d7",2019-09-17
"472","20190918.2.14.1-Image Export-40.tif-parasite",49,"CD36",0.3125,"AA","3d7",2019-09-17
"473","20190918.2.14.2-Image Export-41.tif-parasite",20,"CD36",0.3125,"AA","3d7",2019-09-17
"474","20190918.2.14.3-Image Export-42.tif-parasite",15,"CD36",0.3125,"AA","3d7",2019-09-17
"475","20190918.2.15.1-Image Export-43.tif-parasite",35,"Control",0,"AA","3d7",2019-09-17
"476","20190918.2.15.2-Image Export-44.tif-parasite",6,"Control",0,"AA","3d7",2019-09-17
"477","20190918.2.15.3-Image Export-45.tif-parasite",12,"Control",0,"AA","3d7",2019-09-17
"478","20190918.2.16.1-Image Export-46.tif-parasite",39,"EPCR",10,"AA","3d7",2019-09-17
"479","20190918.2.16.2-Image Export-47.tif-parasite",18,"EPCR",10,"AA","3d7",2019-09-17
"480","20190918.2.16.3-Image Export-48.tif-parasite",52,"EPCR",10,"AA","3d7",2019-09-17
"481","20201215_01_011-Image Export-48_c2.tif-parasite",742,"CD36",10,"AA","3d7",2020-12-15
"482","20201215_01_012-Image Export-01_c2.tif-parasite",549,"CD36",10,"AA","3d7",2020-12-15
"483","20201215_01_013-Image Export-06_c2.tif-parasite",835,"CD36",10,"AA","3d7",2020-12-15
"484","20201215_01_021-Image Export-03_c2.tif-parasite",214,"CD36",5,"AA","3d7",2020-12-15
"485","20201215_01_022-Image Export-02_c2.tif-parasite",300,"CD36",5,"AA","3d7",2020-12-15
"486","20201215_01_023-Image Export-04_c2.tif-parasite",220,"CD36",5,"AA","3d7",2020-12-15
"487","20201215_01_031-Image Export-12_c2.tif-parasite",129,"CD36",2.5,"AA","3d7",2020-12-15
"488","20201215_01_032-Image Export-15_c2.tif-parasite",80,"CD36",2.5,"AA","3d7",2020-12-15
"489","20201215_01_033-Image Export-16_c2.tif-parasite",86,"CD36",2.5,"AA","3d7",2020-12-15
"490","20201215_01_041-Image Export-37_c2.tif-parasite",18,"CD36",1.25,"AA","3d7",2020-12-15
"491","20201215_01_042-Image Export-41_c2.tif-parasite",22,"CD36",1.25,"AA","3d7",2020-12-15
"492","20201215_01_043-Image Export-44_c2.tif-parasite",11,"CD36",1.25,"AA","3d7",2020-12-15
"493","20201215_01_051-Image Export-84_c1+2.tif-parasite",9,"CD36",0.625,"AA","3d7",2020-12-15
"494","20201215_01_052-Image Export-83_c1+2.tif-parasite",24,"CD36",0.625,"AA","3d7",2020-12-15
"495","20201215_01_053-Image Export-38_c2.tif-parasite",18,"CD36",0.625,"AA","3d7",2020-12-15
"496","20201215_01_061-Image Export-18_c2.tif-parasite",27,"CD36",0.3125,"AA","3d7",2020-12-15
"497","20201215_01_062-Image Export-09_c2.tif-parasite",34,"CD36",0.3125,"AA","3d7",2020-12-15
"498","20201215_01_063-Image Export-31_c2.tif-parasite",24,"CD36",0.3125,"AA","3d7",2020-12-15
"499","20201215_01_071-Image Export-33_c2.tif-parasite",19,"Control",0,"AA","3d7",2020-12-15
"500","20201215_01_072-Image Export-77_c1+2.tif-parasite",27,"Control",0,"AA","3d7",2020-12-15
"501","20201215_01_073-Image Export-19_c2.tif-parasite",22,"Control",0,"AA","3d7",2020-12-15
"502","20201215_01_081-Image Export-34_c2.tif-parasite",17,"EPCR",10,"AA","3d7",2020-12-15
"503","20201215_01_082-Image Export-43_c2.tif-parasite",13,"EPCR",10,"AA","3d7",2020-12-15
"504","20201215_01_083-Image Export-45_c2.tif-parasite",8,"EPCR",10,"AA","3d7",2020-12-15
"505","20201215_01_091-Image Export-13_c2.tif-parasite",112,"CD36",10,"AS","3d7",2020-12-15
"506","20201215_01_092-Image Export-11_c2.tif-parasite",204,"CD36",10,"AS","3d7",2020-12-15
"507","20201215_01_093-Image Export-05_c2.tif-parasite",145,"CD36",10,"AS","3d7",2020-12-15
"508","20201215_01_101-Image Export-14_c2.tif-parasite",69,"CD36",5,"AS","3d7",2020-12-15
"509","20201215_01_102-Image Export-17_c2.tif-parasite",40,"CD36",5,"AS","3d7",2020-12-15
"510","20201215_01_103-Image Export-07_c2.tif-parasite",62,"CD36",5,"AS","3d7",2020-12-15
"511","20201215_01_111-Image Export-23_c2.tif-parasite",23,"CD36",2.5,"AS","3d7",2020-12-15
"512","20201215_01_112-Image Export-24_c2.tif-parasite",29,"CD36",2.5,"AS","3d7",2020-12-15
"513","20201215_01_113-Image Export-32_c2.tif-parasite",24,"CD36",2.5,"AS","3d7",2020-12-15
"514","20201215_01_121-Image Export-35_c2.tif-parasite",19,"CD36",1.25,"AS","3d7",2020-12-15
"515","20201215_01_122-Image Export-08_c2.tif-parasite",36,"CD36",1.25,"AS","3d7",2020-12-15
"516","20201215_01_123-Image Export-25_c2.tif-parasite",26,"CD36",1.25,"AS","3d7",2020-12-15
"517","20201215_01_131-Image Export-21_c2.tif-parasite",25,"CD36",0.625,"AS","3d7",2020-12-15
"518","20201215_01_132-Image Export-26_c2.tif-parasite",27,"CD36",0.625,"AS","3d7",2020-12-15
"519","20201215_01_133-Image Export-42_c2.tif-parasite",14,"CD36",0.625,"AS","3d7",2020-12-15
"520","20201215_01_141-Image Export-20_c2.tif-parasite",26,"CD36",0.3125,"AS","3d7",2020-12-15
"521","20201215_01_142-Image Export-46_c2.tif-parasite",6,"CD36",0.3125,"AS","3d7",2020-12-15
"522","20201215_01_143-Image Export-36_c2.tif-parasite",18,"CD36",0.3125,"AS","3d7",2020-12-15
"523","20201215_01_151-Image Export-39_c2.tif-parasite",16,"Control",0,"AS","3d7",2020-12-15
"524","20201215_01_152-Image Export-27_c2.tif-parasite",24,"Control",0,"AS","3d7",2020-12-15
"525","20201215_01_153-Image Export-28_c2.tif-parasite",28,"Control",0,"AS","3d7",2020-12-15
"526","20201215_01_161-Image Export-29_c2.tif-parasite",23,"EPCR",10,"AS","3d7",2020-12-15
"527","20201215_01_162-Image Export-30_c2.tif-parasite",26,"EPCR",10,"AS","3d7",2020-12-15
"528","20201215_01_163-Image Export-40_c2.tif-parasite",19,"EPCR",10,"AS","3d7",2020-12-15
"529","20201215_02_011-Image Export-48.tif-parasite",120,"CD36",10,"AS","3d7",2020-12-15
"530","20201215_02_012-Image Export-47.tif-parasite",134,"CD36",10,"AS","3d7",2020-12-15
"531","20201215_02_013-Image Export-46.tif-parasite",118,"CD36",10,"AS","3d7",2020-12-15
"532","20201215_02_021-Image Export-45.tif-parasite",100,"CD36",5,"AS","3d7",2020-12-15
"533","20201215_02_022-Image Export-44.tif-parasite",74,"CD36",5,"AS","3d7",2020-12-15
"534","20201215_02_023-Image Export-43.tif-parasite",64,"CD36",5,"AS","3d7",2020-12-15
"535","20201215_02_031-Image Export-42.tif-parasite",42,"CD36",2.5,"AS","3d7",2020-12-15
"536","20201215_02_032-Image Export-41.tif-parasite",45,"CD36",2.5,"AS","3d7",2020-12-15
"537","20201215_02_033-Image Export-40.tif-parasite",31,"CD36",2.5,"AS","3d7",2020-12-15
"538","20201215_02_041-Image Export-39.tif-parasite",22,"CD36",1.25,"AS","3d7",2020-12-15
"539","20201215_02_042-Image Export-38.tif-parasite",28,"CD36",1.25,"AS","3d7",2020-12-15
"540","20201215_02_043-Image Export-37.tif-parasite",8,"CD36",1.25,"AS","3d7",2020-12-15
"541","20201215_02_051-Image Export-36.tif-parasite",15,"CD36",0.625,"AS","3d7",2020-12-15
"542","20201215_02_052-Image Export-35.tif-parasite",19,"CD36",0.625,"AS","3d7",2020-12-15
"543","20201215_02_053-Image Export-34.tif-parasite",12,"CD36",0.625,"AS","3d7",2020-12-15
"544","20201215_02_061-Image Export-33.tif-parasite",19,"CD36",0.3125,"AS","3d7",2020-12-15
"545","20201215_02_062-Image Export-32.tif-parasite",9,"CD36",0.3125,"AS","3d7",2020-12-15
"546","20201215_02_063-Image Export-31.tif-parasite",15,"CD36",0.3125,"AS","3d7",2020-12-15
"547","20201215_02_071-Image Export-30.tif-parasite",6,"Control",0,"AS","3d7",2020-12-15
"548","20201215_02_072-Image Export-29.tif-parasite",12,"Control",0,"AS","3d7",2020-12-15
"549","20201215_02_073-Image Export-28.tif-parasite",15,"Control",0,"AS","3d7",2020-12-15
"550","20201215_02_081-Image Export-27.tif-parasite",17,"EPCR",10,"AS","3d7",2020-12-15
"551","20201215_02_082-Image Export-26.tif-parasite",9,"EPCR",10,"AS","3d7",2020-12-15
"552","20201215_02_083-Image Export-25.tif-parasite",17,"EPCR",10,"AS","3d7",2020-12-15
"553","20201215_02_091-Image Export-24.tif-parasite",832,"CD36",10,"AA","3d7",2020-12-15
"554","20201215_02_092-Image Export-23.tif-parasite",975,"CD36",10,"AA","3d7",2020-12-15
"555","20201215_02_093-Image Export-22.tif-parasite",785,"CD36",10,"AA","3d7",2020-12-15
"556","20201215_02_101-Image Export-21.tif-parasite",497,"CD36",5,"AA","3d7",2020-12-15
"557","20201215_02_102-Image Export-20.tif-parasite",426,"CD36",5,"AA","3d7",2020-12-15
"558","20201215_02_103-Image Export-19.tif-parasite",380,"CD36",5,"AA","3d7",2020-12-15
"559","20201215_02_111-Image Export-18.tif-parasite",520,"CD36",2.5,"AA","3d7",2020-12-15
"560","20201215_02_112-Image Export-17.tif-parasite",620,"CD36",2.5,"AA","3d7",2020-12-15
"561","20201215_02_113-Image Export-16.tif-parasite",179,"CD36",2.5,"AA","3d7",2020-12-15
"562","20201215_02_121-Image Export-14.tif-parasite",50,"CD36",1.25,"AA","3d7",2020-12-15
"563","20201215_02_122-Image Export-15.tif-parasite",71,"CD36",1.25,"AA","3d7",2020-12-15
"564","20201215_02_123-Image Export-13.tif-parasite",34,"CD36",1.25,"AA","3d7",2020-12-15
"565","20201215_02_131-Image Export-11.tif-parasite",33,"CD36",0.625,"AA","3d7",2020-12-15
"566","20201215_02_132-Image Export-12.tif-parasite",58,"CD36",0.625,"AA","3d7",2020-12-15
"567","20201215_02_133-Image Export-10.tif-parasite",60,"CD36",0.625,"AA","3d7",2020-12-15
"568","20201215_02_141-Image Export-09.tif-parasite",33,"CD36",0.3125,"AA","3d7",2020-12-15
"569","20201215_02_142-Image Export-08.tif-parasite",26,"CD36",0.3125,"AA","3d7",2020-12-15
"570","20201215_02_143-Image Export-07.tif-parasite",28,"CD36",0.3125,"AA","3d7",2020-12-15
"571","20201215_02_151-Image Export-06.tif-parasite",25,"Control",0,"AA","3d7",2020-12-15
"572","20201215_02_152-Image Export-05.tif-parasite",19,"Control",0,"AA","3d7",2020-12-15
"573","20201215_02_153-Image Export-04.tif-parasite",19,"Control",0,"AA","3d7",2020-12-15
"574","20201215_02_161-Image Export-03.tif-parasite",11,"EPCR",10,"AA","3d7",2020-12-15
"575","20201215_02_162-Image Export-01.tif-parasite",19,"EPCR",10,"AA","3d7",2020-12-15
"576","20201215_02_163-Image Export-02.tif-parasite",6,"EPCR",10,"AA","3d7",2020-12-15
"577","20201217_01_011-Image Export-01.tif-parasite",2985,"EPCR",10,"AA","IT4var20",2020-12-17
"578","20201217_01_012-Image Export-02.tif-parasite",2865,"EPCR",10,"AA","IT4var20",2020-12-17
"579","20201217_01_013-Image Export-03.tif-parasite",2714,"EPCR",10,"AA","IT4var20",2020-12-17
"580","20201217_01_021-Image Export-04.tif-parasite",3163,"EPCR",5,"AA","IT4var20",2020-12-17
"581","20201217_01_022-Image Export-05.tif-parasite",3518,"EPCR",5,"AA","IT4var20",2020-12-17
"582","20201217_01_023-Image Export-06.tif-parasite",3122,"EPCR",5,"AA","IT4var20",2020-12-17
"583","20201217_01_031-Image Export-07.tif-parasite",3265,"EPCR",2.5,"AA","IT4var20",2020-12-17
"584","20201217_01_032-Image Export-08.tif-parasite",3862,"EPCR",2.5,"AA","IT4var20",2020-12-17
"585","20201217_01_033-Image Export-09.tif-parasite",3426,"EPCR",2.5,"AA","IT4var20",2020-12-17
"586","20201217_01_041-Image Export-10.tif-parasite",3887,"EPCR",1.25,"AA","IT4var20",2020-12-17
"587","20201217_01_042-Image Export-11.tif-parasite",3962,"EPCR",1.25,"AA","IT4var20",2020-12-17
"588","20201217_01_043-Image Export-12.tif-parasite",4466,"EPCR",1.25,"AA","IT4var20",2020-12-17
"589","20201217_01_051-Image Export-13.tif-parasite",5026,"EPCR",0.625,"AA","IT4var20",2020-12-17
"590","20201217_01_052-Image Export-14.tif-parasite",4782,"EPCR",0.625,"AA","IT4var20",2020-12-17
"591","20201217_01_053-Image Export-15.tif-parasite",4491,"EPCR",0.625,"AA","IT4var20",2020-12-17
"592","20201217_01_061-Image Export-16.tif-parasite",2604,"Control",0,"AA","IT4var20",2020-12-17
"593","20201217_01_062-Image Export-17.tif-parasite",3587,"Control",0,"AA","IT4var20",2020-12-17
"594","20201217_01_063-Image Export-18.tif-parasite",1474,"Control",0,"AA","IT4var20",2020-12-17
"595","20201217_01_071-Image Export-19.tif-parasite",2383,"EPCR",0.3125,"AA","IT4var20",2020-12-17
"596","20201217_01_072-Image Export-20.tif-parasite",3073,"EPCR",0.3125,"AA","IT4var20",2020-12-17
"597","20201217_01_073-Image Export-21.tif-parasite",3005,"EPCR",0.3125,"AA","IT4var20",2020-12-17
"598","20201217_01_081-Image Export-22.tif-parasite",1579,"CD36",10,"AA","IT4var20",2020-12-17
"599","20201217_01_082-Image Export-23.tif-parasite",1080,"CD36",10,"AA","IT4var20",2020-12-17
"600","20201217_01_083-Image Export-24.tif-parasite",1278,"CD36",10,"AA","IT4var20",2020-12-17
"601","20201217_01_091-Image Export-25.tif-parasite",387,"EPCR",10,"AS","IT4var20",2020-12-17
"602","20201217_01_092-Image Export-26.tif-parasite",442,"EPCR",10,"AS","IT4var20",2020-12-17
"603","20201217_01_093-Image Export-27.tif-parasite",394,"EPCR",10,"AS","IT4var20",2020-12-17
"604","20201217_01_101-Image Export-28.tif-parasite",521,"EPCR",5,"AS","IT4var20",2020-12-17
"605","20201217_01_102-Image Export-29.tif-parasite",319,"EPCR",5,"AS","IT4var20",2020-12-17
"606","20201217_01_103-Image Export-30.tif-parasite",306,"EPCR",5,"AS","IT4var20",2020-12-17
"607","20201217_01_111-Image Export-31.tif-parasite",513,"EPCR",2.5,"AS","IT4var20",2020-12-17
"608","20201217_01_112-Image Export-32.tif-parasite",459,"EPCR",2.5,"AS","IT4var20",2020-12-17
"609","20201217_01_113-Image Export-33.tif-parasite",317,"EPCR",2.5,"AS","IT4var20",2020-12-17
"610","20201217_01_121-Image Export-34.tif-parasite",471,"EPCR",1.25,"AS","IT4var20",2020-12-17
"611","20201217_01_122-Image Export-35.tif-parasite",433,"EPCR",1.25,"AS","IT4var20",2020-12-17
"612","20201217_01_123-Image Export-36.tif-parasite",425,"EPCR",1.25,"AS","IT4var20",2020-12-17
"613","20201217_01_131-Image Export-37.tif-parasite",459,"EPCR",0.625,"AS","IT4var20",2020-12-17
"614","20201217_01_132-Image Export-38.tif-parasite",388,"EPCR",0.625,"AS","IT4var20",2020-12-17
"615","20201217_01_133-Image Export-39.tif-parasite",336,"EPCR",0.625,"AS","IT4var20",2020-12-17
"616","20201217_01_141-Image Export-40.tif-parasite",166,"Control",0,"AS","IT4var20",2020-12-17
"617","20201217_01_142-Image Export-41.tif-parasite",97,"Control",0,"AS","IT4var20",2020-12-17
"618","20201217_01_143-Image Export-42.tif-parasite",71,"Control",0,"AS","IT4var20",2020-12-17
"619","20201217_01_151-Image Export-43.tif-parasite",174,"EPCR",0.3125,"AS","IT4var20",2020-12-17
"620","20201217_01_152-Image Export-44.tif-parasite",218,"EPCR",0.3125,"AS","IT4var20",2020-12-17
"621","20201217_01_153-Image Export-45.tif-parasite",104,"EPCR",0.3125,"AS","IT4var20",2020-12-17
"622","20201217_01_161-Image Export-46.tif-parasite",171,"CD36",10,"AS","IT4var20",2020-12-17
"623","20201217_01_162-Image Export-47.tif-parasite",187,"CD36",10,"AS","IT4var20",2020-12-17
"624","20201217_01_163-Image Export-48.tif-parasite",140,"CD36",10,"AS","IT4var20",2020-12-17
"625","20201217_02_011-Image Export-49.tif-parasite",275,"EPCR",10,"AS","IT4var20",2020-12-17
"626","20201217_02_012-Image Export-50.tif-parasite",303,"EPCR",10,"AS","IT4var20",2020-12-17
"627","20201217_02_013-Image Export-51.tif-parasite",290,"EPCR",10,"AS","IT4var20",2020-12-17
"628","20201217_02_021-Image Export-52.tif-parasite",312,"EPCR",5,"AS","IT4var20",2020-12-17
"629","20201217_02_022-Image Export-53.tif-parasite",372,"EPCR",5,"AS","IT4var20",2020-12-17
"630","20201217_02_023-Image Export-54.tif-parasite",479,"EPCR",5,"AS","IT4var20",2020-12-17
"631","20201217_02_031-Image Export-55.tif-parasite",140,"EPCR",2.5,"AS","IT4var20",2020-12-17
"632","20201217_02_032-Image Export-56.tif-parasite",334,"EPCR",2.5,"AS","IT4var20",2020-12-17
"633","20201217_02_033-Image Export-57.tif-parasite",318,"EPCR",2.5,"AS","IT4var20",2020-12-17
"634","20201217_02_041-Image Export-58.tif-parasite",324,"EPCR",1.25,"AS","IT4var20",2020-12-17
"635","20201217_02_042-Image Export-59.tif-parasite",358,"EPCR",1.25,"AS","IT4var20",2020-12-17
"636","20201217_02_043-Image Export-60.tif-parasite",425,"EPCR",1.25,"AS","IT4var20",2020-12-17
"637","20201217_02_051-Image Export-61.tif-parasite",420,"EPCR",0.625,"AS","IT4var20",2020-12-17
"638","20201217_02_052-Image Export-62.tif-parasite",519,"EPCR",0.625,"AS","IT4var20",2020-12-17
"639","20201217_02_053-Image Export-63.tif-parasite",523,"EPCR",0.625,"AS","IT4var20",2020-12-17
"640","20201217_02_061-Image Export-64.tif-parasite",95,"Control",0,"AS","IT4var20",2020-12-17
"641","20201217_02_062-Image Export-65.tif-parasite",103,"Control",0,"AS","IT4var20",2020-12-17
"642","20201217_02_063-Image Export-66.tif-parasite",101,"Control",0,"AS","IT4var20",2020-12-17
"643","20201217_02_071-Image Export-67.tif-parasite",267,"EPCR",0.3125,"AS","IT4var20",2020-12-17
"644","20201217_02_072-Image Export-68.tif-parasite",253,"EPCR",0.3125,"AS","IT4var20",2020-12-17
"645","20201217_02_073-Image Export-69.tif-parasite",318,"EPCR",0.3125,"AS","IT4var20",2020-12-17
"646","20201217_02_081-Image Export-70.tif-parasite",63,"CD36",10,"AS","IT4var20",2020-12-17
"647","20201217_02_082-Image Export-71.tif-parasite",89,"CD36",10,"AS","IT4var20",2020-12-17
"648","20201217_02_083-Image Export-72.tif-parasite",76,"CD36",10,"AS","IT4var20",2020-12-17
"649","20201217_02_091-Image Export-73.tif-parasite",3519,"EPCR",10,"AA","IT4var20",2020-12-17
"650","20201217_02_092-Image Export-74.tif-parasite",2894,"EPCR",10,"AA","IT4var20",2020-12-17
"651","20201217_02_093-Image Export-75.tif-parasite",2619,"EPCR",10,"AA","IT4var20",2020-12-17
"652","20201217_02_101-Image Export-76.tif-parasite",3514,"EPCR",5,"AA","IT4var20",2020-12-17
"653","20201217_02_102-Image Export-77.tif-parasite",4034,"EPCR",5,"AA","IT4var20",2020-12-17
"654","20201217_02_103-Image Export-78.tif-parasite",4018,"EPCR",5,"AA","IT4var20",2020-12-17
"655","20201217_02_111-Image Export-79.tif-parasite",3402,"EPCR",2.5,"AA","IT4var20",2020-12-17
"656","20201217_02_112-Image Export-80.tif-parasite",2346,"EPCR",2.5,"AA","IT4var20",2020-12-17
"657","20201217_02_113-Image Export-81.tif-parasite",4442,"EPCR",2.5,"AA","IT4var20",2020-12-17
"658","20201217_02_121-Image Export-82.tif-parasite",2667,"EPCR",1.25,"AA","IT4var20",2020-12-17
"659","20201217_02_122-Image Export-83.tif-parasite",4519,"EPCR",1.25,"AA","IT4var20",2020-12-17
"660","20201217_02_123-Image Export-84.tif-parasite",4008,"EPCR",1.25,"AA","IT4var20",2020-12-17
"661","20201217_02_131-Image Export-85.tif-parasite",5061,"EPCR",0.625,"AA","IT4var20",2020-12-17
"662","20201217_02_132-Image Export-86.tif-parasite",4461,"EPCR",0.625,"AA","IT4var20",2020-12-17
"663","20201217_02_133-Image Export-87.tif-parasite",4411,"EPCR",0.625,"AA","IT4var20",2020-12-17
"664","20201217_02_141-Image Export-88.tif-parasite",1745,"Control",0,"AA","IT4var20",2020-12-17
"665","20201217_02_142-Image Export-89.tif-parasite",2251,"Control",0,"AA","IT4var20",2020-12-17
"666","20201217_02_143-Image Export-90.tif-parasite",2228,"Control",0,"AA","IT4var20",2020-12-17
"667","20201217_02_151-Image Export-91.tif-parasite",4543,"EPCR",0.3125,"AA","IT4var20",2020-12-17
"668","20201217_02_152-Image Export-92.tif-parasite",5376,"EPCR",0.3125,"AA","IT4var20",2020-12-17
"669","20201217_02_153-Image Export-93.tif-parasite",4315,"EPCR",0.3125,"AA","IT4var20",2020-12-17
"670","20201217_02_161-Image Export-94.tif-parasite",1308,"CD36",10,"AA","IT4var20",2020-12-17
"671","20201217_02_162-Image Export-95.tif-parasite",1403,"CD36",10,"AA","IT4var20",2020-12-17
"672","20201217_02_163-Image Export-96.tif-parasite",1350,"CD36",10,"AA","IT4var20",2020-12-17
