,sampleName,Genotype,Stage,Age,Sex,ABO,ParasiteDensity,
AA01,AA01,AA,Ring,13,Male,A,9650,
AA02,AA02,AA,Ring,8,Male,A,14100,
AA03,AA03,AA,Trophozoite,3,Male,A,39675,
AA04,AA04,AA,Trophozoite,10,Female,B,55600,
AA05,AA05,AA,Ring,6,Male,B,38000,
AA06,AA06,AA,Mixed,8,Female,O,19700,
AA07,AA07,AA,Ring,7,Female,A,9300,
AA08,AA08,AA,Trophozoite,4,Male,A,32350,
AA09,AA09,AA,Ring,12,Female,AB,21400,
AA10,AA10,AA,Ring,12,Male,O,15400,
AA11,AA11,AA,Ring,12,Male,B,8850,
AA12,AA12,AA,Mixed,5,Female,B,22250,
AA13,AA13,AA,Ring,10,Male,AB,9125,
AA14,AA14,AA,Ring,5,Female,O,29750,
AA15,AA15,AA,Trophozoite,6,Male,O,25250,
AA16,AA16,AA,Trophozoite,7,Male,A,43750,
AS01,AS01,AS,Mixed,14,Male,A,31275,
AS02,AS02,AS,Ring,7,Male,B,41800,
AS03,AS03,AS,Mixed,3,Male,B,31250,
AS04,AS04,AS,Ring,11,Female,B,12500,
AS05,AS05,AS,Ring,6,Male,AB,52650,
AS06,AS06,AS,Trophozoite,8,Female,O,11000,
AS07,AS07,AS,Ring,7,Female,B,29175,
AS08,AS08,AS,Trophozoite,6,Male,AB,8750,
AS09,AS09,AS,Ring,12,Female,AB,9075,
AS10,AS10,AS,Trophozoite,13,Male,O,4950,
AS11,AS11,AS,Ring,13,Male,B,12900,
AS12,AS12,AS,Trophozoite,9,Female,AB,6650,
AS13,AS13,AS,Trophozoite,11,Male,A,13800,
AS14,AS14,AS,Ring,4,Female,O,33800,
AS15,AS15,AS,Trophozoite,6,Male,O,7750,
AS16,AS16,AS,Trophozoite,7,Male,B,10150,
